revid,parentid,user,userid,timestamp,size,sha1,comment,diff,deleted,added
213902381,213901840,GF38storic,1747736,2024-04-02T13:51:50Z,2206,aa324da33cded1042c9603f6dfa30ba65bcb6ea5,Révocation des modifications de [[Special:Contributions/Anne Daemon|Anne Daemon]] (retour à la version précédente de [[Special:Contributions/Anne Daemon|Anne Daemon]]),"<tr>
  <td colspan=""2"" class=""diff-lineno"">Ligne 1 :</td>
  <td colspan=""2"" class=""diff-lineno"">Ligne 1 :</td>
</tr>
<tr>
  <td class=""diff-marker""></td>
  <td class=""diff-context diff-side-deleted""><div>[[File:Farlow Herbarium Harvard University June 2023.png|thumb|Le bâtiment accueillant le Farlow Herbarium]]</div></td>
  <td class=""diff-marker""></td>
  <td class=""diff-context diff-side-added""><div>[[File:Farlow Herbarium Harvard University June 2023.png|thumb|Le bâtiment accueillant le Farlow Herbarium]]</div></td>
</tr>
<tr>
  <td class=""diff-marker""></td>
  <td class=""diff-context diff-side-deleted""><br /></td>
  <td class=""diff-marker""></td>
  <td class=""diff-context diff-side-added""><br /></td>
</tr>
<tr>
  <td class=""diff-marker"" data-marker=""−""></td>
  <td class=""diff-deletedline diff-side-deleted""><div>L''''herbier Farlow de botanique cryptogamique''' est un herbier et une bibliothèque de l'[[université Harvard]] qui détient environ {{nombre|1 400 000 spécimens}}, dont environ {{nombre|75 000 types}} de lichens, de champignons, de bryophytes, de diatomées et d'algues&lt;ref name=""HFH""&gt;Farlow Herbarium, Harvard University, [http://huh.harvard.edu/pages/farlow-herbarium-fh Farlow Herbarium]&lt;/ref&gt;. Sa création trouve son origine dans le legs par [[William Gilson Farlow]] en 1919 de son herbier personnel et de sa bibliothèque à l'université. L'herbier s'est ensuite développé grâce aux legs de [[Roland Thaxter]] et aux spécimens, manuscrits, correspondance, illustrations et notes de terrain d'autres chercheurs tels que {{lien|Edwin Bunting Bartram}}, [[Edward Angus Burt]], {{lien|William H. Weston Jr.}}, {{lien|David H. Linder}}<del class=""diffchange diffchange-inline"">. Elke Mackenzie, alors connue sous le</del> <del class=""diffchange diffchange-inline"">nom</del> <del class=""diffchange diffchange-inline"">d'</del>[[Ivan Mackenzie Lamb]], <del class=""diffchange diffchange-inline"">l'a</del> <del class=""diffchange diffchange-inline"">dirigé</del> de 1953 à 1972&lt;ref&gt;{{Article |langue=en |auteur1=George A. Llano |titre=I. Mackenzie Lamb, D.Sc. (Elke Mackenzie) (1911-1990) |périodique=The Bryologist |volume=94 |numéro=3 |date=1991 |pages=315-320 |lire en ligne=https://www.jstor.org/stable/3243974 |consulté le=26 janvier 2021}}.<del class=""diffchange diffchange-inline"">&lt;/ref&gt;&lt;ref&gt;{{Lien web |langue=en |auteur=Botany Libraries, Farlow Reference Library of Cryptogamic Botany, Harvard University |titre=Mackenzie, Elke, 1911-1990. Elke Mackenzie papers, 1945-1977: A Guide |url=https://hollisarchives.lib.harvard.edu/repositories/20/resources/7211}}&lt;/ref&gt;&lt;ref&gt;{{Lien web |langue=en |auteur=Amanda M. Chandler, Greer Lowenstein |titre=Elke Mackenzie (I.M. Lamb) |url=https://sweetgum.nybg.org/science/the-hand-lens/explore/narratives-details/?irn=7581 |site=sweetgum.nybg.org |consulté le=2024-04-02}}</del>&lt;/ref&gt;.</div></td>
  <td class=""diff-marker"" data-marker=""+""></td>
  <td class=""diff-addedline diff-side-added""><div>L''''herbier Farlow de botanique cryptogamique''' est un herbier et une bibliothèque de l'[[université Harvard]] qui détient environ {{nombre|1 400 000 spécimens}}, dont environ {{nombre|75 000 types}} de lichens, de champignons, de bryophytes, de diatomées et d'algues&lt;ref name=""HFH""&gt;Farlow Herbarium, Harvard University, [http://huh.harvard.edu/pages/farlow-herbarium-fh Farlow Herbarium]&lt;/ref&gt;. Sa création trouve son origine dans le legs par [[William Gilson Farlow]] en 1919 de son herbier personnel et de sa bibliothèque à l'université. L'herbier s'est ensuite développé grâce aux legs de [[Roland Thaxter]] et aux spécimens, manuscrits, correspondance, illustrations et notes de terrain d'autres chercheurs tels que {{lien|Edwin Bunting Bartram}}, [[Edward Angus Burt]], {{lien|William H. Weston Jr.}}, {{lien|David H. Linder}} <ins class=""diffchange diffchange-inline"">et</ins> [[Ivan Mackenzie Lamb]], <ins class=""diffchange diffchange-inline"">qui</ins> <ins class=""diffchange diffchange-inline"">en fut le directeur</ins> de 1953 à 1972&lt;ref&gt;{{Article |langue=en |auteur1=George A. Llano |titre=I. Mackenzie Lamb, D.Sc. (Elke Mackenzie) (1911-1990) |périodique=The Bryologist |volume=94 |numéro=3 |date=1991 |pages=315-320 |lire en ligne=https://www.jstor.org/stable/3243974 |consulté le=26 janvier 2021}}.&lt;/ref&gt;.</div></td>
</tr>
<tr>
  <td class=""diff-marker""></td>
  <td class=""diff-context diff-side-deleted""><br /></td>
  <td class=""diff-marker""></td>
  <td class=""diff-context diff-side-added""><br /></td>
</tr>
<tr>
  <td class=""diff-marker""></td>
  <td class=""diff-context diff-side-deleted""><div>Son code dans l'{{lien|Index Herbariorum}} est « FH »&lt;ref&gt;{{Lien web |langue=en |url=http://sweetgum.nybg.org/science/ih/herbarium-details/?irn=124712 |titre=Harvard University |série=Index Herbariorum  |site=NYBG Steere Herbarium |consulté le=1 février 2021}}.&lt;/ref&gt;. Une revue associée à l'herbier, ''Farlowia'', est publiée de 1943 à 1955&lt;ref&gt;Farlowia : a journal of cryptogamic botany, {{lire en ligne|lien=https://www.worldcat.org/title/farlowia-a-journal-of-cryptogamic-botany/oclc/35587432?referer=di&amp;ht=edition}}.&lt;/ref&gt;.</div></td>
  <td class=""diff-marker""></td>
  <td class=""diff-context diff-side-added""><div>Son code dans l'{{lien|Index Herbariorum}} est « FH »&lt;ref&gt;{{Lien web |langue=en |url=http://sweetgum.nybg.org/science/ih/herbarium-details/?irn=124712 |titre=Harvard University |série=Index Herbariorum  |site=NYBG Steere Herbarium |consulté le=1 février 2021}}.&lt;/ref&gt;. Une revue associée à l'herbier, ''Farlowia'', est publiée de 1943 à 1955&lt;ref&gt;Farlowia : a journal of cryptogamic botany, {{lire en ligne|lien=https://www.worldcat.org/title/farlowia-a-journal-of-cryptogamic-botany/oclc/35587432?referer=di&amp;ht=edition}}.&lt;/ref&gt;.</div></td>
</tr>
","['. Elke Mackenzie, alors connue sous le', 'nom', ""d'"", ""l'a"", 'dirigé', '</ref><ref>{{Lien web |langue=en |auteur=Botany Libraries, Farlow Reference Library of Cryptogamic Botany, Harvard University |titre=Mackenzie, Elke, 1911-1990. Elke Mackenzie papers, 1945-1977: A Guide |url=https://hollisarchives.lib.harvard.edu/repositories/20/resources/7211}}</ref><ref>{{Lien web |langue=en |auteur=Amanda M. Chandler, Greer Lowenstein |titre=Elke Mackenzie (I.M. Lamb) |url=https://sweetgum.nybg.org/science/the-hand-lens/explore/narratives-details/?irn=7581 |site=sweetgum.nybg.org |consulté le=2024-04-02}}']","['et', 'qui', 'en fut le directeur']"
213901840,213901507,Anne Daemon,3147955,2024-04-02T13:31:28Z,2766,806e92c1a70b38e416408779fa89b4be579bfa18,ajout de source (aucune falsification ici),"<tr>
  <td colspan=""2"" class=""diff-lineno"">Ligne 1 :</td>
  <td colspan=""2"" class=""diff-lineno"">Ligne 1 :</td>
</tr>
<tr>
  <td class=""diff-marker""></td>
  <td class=""diff-context diff-side-deleted""><div>[[File:Farlow Herbarium Harvard University June 2023.png|thumb|Le bâtiment accueillant le Farlow Herbarium]]</div></td>
  <td class=""diff-marker""></td>
  <td class=""diff-context diff-side-added""><div>[[File:Farlow Herbarium Harvard University June 2023.png|thumb|Le bâtiment accueillant le Farlow Herbarium]]</div></td>
</tr>
<tr>
  <td class=""diff-marker""></td>
  <td class=""diff-context diff-side-deleted""><br /></td>
  <td class=""diff-marker""></td>
  <td class=""diff-context diff-side-added""><br /></td>
</tr>
<tr>
  <td class=""diff-marker"" data-marker=""−""></td>
  <td class=""diff-deletedline diff-side-deleted""><div>L''''herbier Farlow de botanique cryptogamique''' est un herbier et une bibliothèque de l'[[université Harvard]] qui détient environ {{nombre|1 400 000 spécimens}}, dont environ {{nombre|75 000 types}} de lichens, de champignons, de bryophytes, de diatomées et d'algues&lt;ref name=""HFH""&gt;Farlow Herbarium, Harvard University, [http://huh.harvard.edu/pages/farlow-herbarium-fh Farlow Herbarium]&lt;/ref&gt;. Sa création trouve son origine dans le legs par [[William Gilson Farlow]] en 1919 de son herbier personnel et de sa bibliothèque à l'université. L'herbier s'est ensuite développé grâce aux legs de [[Roland Thaxter]] et aux spécimens, manuscrits, correspondance, illustrations et notes de terrain d'autres chercheurs tels que {{lien|Edwin Bunting Bartram}}, [[Edward Angus Burt]], {{lien|William H. Weston Jr.}}, {{lien|David H. Linder}} <del class=""diffchange diffchange-inline"">et</del> [[Ivan Mackenzie Lamb]], <del class=""diffchange diffchange-inline"">qui</del> <del class=""diffchange diffchange-inline"">en fut le directeur</del> de 1953 à 1972&lt;ref&gt;{{Article |langue=en |auteur1=George A. Llano |titre=I. Mackenzie Lamb, D.Sc. (Elke Mackenzie) (1911-1990) |périodique=The Bryologist |volume=94 |numéro=3 |date=1991 |pages=315-320 |lire en ligne=https://www.jstor.org/stable/3243974 |consulté le=26 janvier 2021}}.&lt;/ref&gt;.</div></td>
  <td class=""diff-marker"" data-marker=""+""></td>
  <td class=""diff-addedline diff-side-added""><div>L''''herbier Farlow de botanique cryptogamique''' est un herbier et une bibliothèque de l'[[université Harvard]] qui détient environ {{nombre|1 400 000 spécimens}}, dont environ {{nombre|75 000 types}} de lichens, de champignons, de bryophytes, de diatomées et d'algues&lt;ref name=""HFH""&gt;Farlow Herbarium, Harvard University, [http://huh.harvard.edu/pages/farlow-herbarium-fh Farlow Herbarium]&lt;/ref&gt;. Sa création trouve son origine dans le legs par [[William Gilson Farlow]] en 1919 de son herbier personnel et de sa bibliothèque à l'université. L'herbier s'est ensuite développé grâce aux legs de [[Roland Thaxter]] et aux spécimens, manuscrits, correspondance, illustrations et notes de terrain d'autres chercheurs tels que {{lien|Edwin Bunting Bartram}}, [[Edward Angus Burt]], {{lien|William H. Weston Jr.}}, {{lien|David H. Linder}}<ins class=""diffchange diffchange-inline"">. Elke Mackenzie, alors connue sous le</ins> <ins class=""diffchange diffchange-inline"">nom</ins> <ins class=""diffchange diffchange-inline"">d'</ins>[[Ivan Mackenzie Lamb]], <ins class=""diffchange diffchange-inline"">l'a</ins> <ins class=""diffchange diffchange-inline"">dirigé</ins> de 1953 à 1972&lt;ref&gt;{{Article |langue=en |auteur1=George A. Llano |titre=I. Mackenzie Lamb, D.Sc. (Elke Mackenzie) (1911-1990) |périodique=The Bryologist |volume=94 |numéro=3 |date=1991 |pages=315-320 |lire en ligne=https://www.jstor.org/stable/3243974 |consulté le=26 janvier 2021}}.<ins class=""diffchange diffchange-inline"">&lt;/ref&gt;&lt;ref&gt;{{Lien web |langue=en |auteur=Botany Libraries, Farlow Reference Library of Cryptogamic Botany, Harvard University |titre=Mackenzie, Elke, 1911-1990. Elke Mackenzie papers, 1945-1977: A Guide |url=https://hollisarchives.lib.harvard.edu/repositories/20/resources/7211}}&lt;/ref&gt;&lt;ref&gt;{{Lien web |langue=en |auteur=Amanda M. Chandler, Greer Lowenstein |titre=Elke Mackenzie (I.M. Lamb) |url=https://sweetgum.nybg.org/science/the-hand-lens/explore/narratives-details/?irn=7581 |site=sweetgum.nybg.org |consulté le=2024-04-02}}</ins>&lt;/ref&gt;.</div></td>
</tr>
<tr>
  <td class=""diff-marker""></td>
  <td class=""diff-context diff-side-deleted""><br /></td>
  <td class=""diff-marker""></td>
  <td class=""diff-context diff-side-added""><br /></td>
</tr>
<tr>
  <td class=""diff-marker""></td>
  <td class=""diff-context diff-side-deleted""><div>Son code dans l'{{lien|Index Herbariorum}} est « FH »&lt;ref&gt;{{Lien web |langue=en |url=http://sweetgum.nybg.org/science/ih/herbarium-details/?irn=124712 |titre=Harvard University |série=Index Herbariorum  |site=NYBG Steere Herbarium |consulté le=1 février 2021}}.&lt;/ref&gt;. Une revue associée à l'herbier, ''Farlowia'', est publiée de 1943 à 1955&lt;ref&gt;Farlowia : a journal of cryptogamic botany, {{lire en ligne|lien=https://www.worldcat.org/title/farlowia-a-journal-of-cryptogamic-botany/oclc/35587432?referer=di&amp;ht=edition}}.&lt;/ref&gt;.</div></td>
  <td class=""diff-marker""></td>
  <td class=""diff-context diff-side-added""><div>Son code dans l'{{lien|Index Herbariorum}} est « FH »&lt;ref&gt;{{Lien web |langue=en |url=http://sweetgum.nybg.org/science/ih/herbarium-details/?irn=124712 |titre=Harvard University |série=Index Herbariorum  |site=NYBG Steere Herbarium |consulté le=1 février 2021}}.&lt;/ref&gt;. Une revue associée à l'herbier, ''Farlowia'', est publiée de 1943 à 1955&lt;ref&gt;Farlowia : a journal of cryptogamic botany, {{lire en ligne|lien=https://www.worldcat.org/title/farlowia-a-journal-of-cryptogamic-botany/oclc/35587432?referer=di&amp;ht=edition}}.&lt;/ref&gt;.</div></td>
</tr>
","['et', 'qui', 'en fut le directeur']","['. Elke Mackenzie, alors connue sous le', 'nom', ""d'"", ""l'a"", 'dirigé', '</ref><ref>{{Lien web |langue=en |auteur=Botany Libraries, Farlow Reference Library of Cryptogamic Botany, Harvard University |titre=Mackenzie, Elke, 1911-1990. Elke Mackenzie papers, 1945-1977: A Guide |url=https://hollisarchives.lib.harvard.edu/repositories/20/resources/7211}}</ref><ref>{{Lien web |langue=en |auteur=Amanda M. Chandler, Greer Lowenstein |titre=Elke Mackenzie (I.M. Lamb) |url=https://sweetgum.nybg.org/science/the-hand-lens/explore/narratives-details/?irn=7581 |site=sweetgum.nybg.org |consulté le=2024-04-02}}']"
213901507,213901208,Anne Daemon,3147955,2024-04-02T13:17:37Z,2206,aa324da33cded1042c9603f6dfa30ba65bcb6ea5,Annulation de la [[Special:Diff/213901208|modification]] de [[Special:Contributions/GF38storic|GF38storic]] ([[User talk:GF38storic|d]]) ajouter une illustration et supprimer un espace n'est pas une falsification,"<tr>
  <td colspan=""2"" class=""diff-lineno"">Ligne 1 :</td>
  <td colspan=""2"" class=""diff-lineno"">Ligne 1 :</td>
</tr>
<tr>
  <td colspan=""2"" class=""diff-empty diff-side-deleted""></td>
  <td class=""diff-marker"" data-marker=""+""></td>
  <td class=""diff-addedline diff-side-added""><div>[[File:Farlow Herbarium Harvard University June 2023.png|thumb|Le bâtiment accueillant le Farlow Herbarium]]</div></td>
</tr>
<tr>
  <td class=""diff-marker""><a class=""mw-diff-movedpara-left"" title=""Paragraphe déplacé. Cliquer pour accéder au nouvel emplacement."" href=""#movedpara_2_1_rhs"">&#x26AB;</a></td>
  <td class=""diff-deletedline diff-side-deleted""><div><a name=""movedpara_1_0_lhs""></a>L'<del class=""diffchange diffchange-inline""> </del>'''herbier Farlow de botanique cryptogamique''' est un herbier et une bibliothèque de l'[[université Harvard]] qui détient environ {{nombre|1 400 000 spécimens}}, dont environ {{nombre|75 000 types}} de lichens, de champignons, de bryophytes, de diatomées et d'algues&lt;ref name=""HFH""&gt;Farlow Herbarium, Harvard University, [http://huh.harvard.edu/pages/farlow-herbarium-fh Farlow Herbarium]&lt;/ref&gt;. Sa création trouve son origine dans le legs par [[William Gilson Farlow]] en 1919 de son herbier personnel et de sa bibliothèque à l'université. L'herbier s'est ensuite développé grâce aux legs de [[Roland Thaxter]] et aux spécimens, manuscrits, correspondance, illustrations et notes de terrain d'autres chercheurs tels que {{lien|Edwin Bunting Bartram}}, [[Edward Angus Burt]], {{lien|William H. Weston Jr.}}, {{lien|David H. Linder}} et [[Ivan Mackenzie Lamb]], qui en fut le directeur de 1953 à 1972&lt;ref&gt;{{Article |langue=en |auteur1=George A. Llano |titre=I. Mackenzie Lamb, D.Sc. (Elke Mackenzie) (1911-1990) |périodique=The Bryologist |volume=94 |numéro=3 |date=1991 |pages=315-320 |lire en ligne=https://www.jstor.org/stable/3243974 |consulté le=26 janvier 2021}}.&lt;/ref&gt;.</div></td>
  <td colspan=""2"" class=""diff-empty diff-side-added""></td>
</tr>
<tr>
  <td colspan=""2"" class=""diff-empty diff-side-deleted""></td>
  <td class=""diff-marker"" data-marker=""+""></td>
  <td class=""diff-addedline diff-side-added""><br /></td>
</tr>
<tr>
  <td colspan=""2"" class=""diff-empty diff-side-deleted""></td>
  <td class=""diff-marker""><a class=""mw-diff-movedpara-right"" title=""Paragraphe déplacé. Cliquer pour accéder à l’ancien emplacement."" href=""#movedpara_1_0_lhs"">&#x26AB;</a></td>
  <td class=""diff-addedline diff-side-added""><div><a name=""movedpara_2_1_rhs""></a>L''''herbier Farlow de botanique cryptogamique''' est un herbier et une bibliothèque de l'[[université Harvard]] qui détient environ {{nombre|1 400 000 spécimens}}, dont environ {{nombre|75 000 types}} de lichens, de champignons, de bryophytes, de diatomées et d'algues&lt;ref name=""HFH""&gt;Farlow Herbarium, Harvard University, [http://huh.harvard.edu/pages/farlow-herbarium-fh Farlow Herbarium]&lt;/ref&gt;. Sa création trouve son origine dans le legs par [[William Gilson Farlow]] en 1919 de son herbier personnel et de sa bibliothèque à l'université. L'herbier s'est ensuite développé grâce aux legs de [[Roland Thaxter]] et aux spécimens, manuscrits, correspondance, illustrations et notes de terrain d'autres chercheurs tels que {{lien|Edwin Bunting Bartram}}, [[Edward Angus Burt]], {{lien|William H. Weston Jr.}}, {{lien|David H. Linder}} et [[Ivan Mackenzie Lamb]], qui en fut le directeur de 1953 à 1972&lt;ref&gt;{{Article |langue=en |auteur1=George A. Llano |titre=I. Mackenzie Lamb, D.Sc. (Elke Mackenzie) (1911-1990) |périodique=The Bryologist |volume=94 |numéro=3 |date=1991 |pages=315-320 |lire en ligne=https://www.jstor.org/stable/3243974 |consulté le=26 janvier 2021}}.&lt;/ref&gt;.</div></td>
</tr>
<tr>
  <td class=""diff-marker""></td>
  <td class=""diff-context diff-side-deleted""><br /></td>
  <td class=""diff-marker""></td>
  <td class=""diff-context diff-side-added""><br /></td>
</tr>
<tr>
  <td class=""diff-marker""></td>
  <td class=""diff-context diff-side-deleted""><div>Son code dans l'{{lien|Index Herbariorum}} est « FH »&lt;ref&gt;{{Lien web |langue=en |url=http://sweetgum.nybg.org/science/ih/herbarium-details/?irn=124712 |titre=Harvard University |série=Index Herbariorum  |site=NYBG Steere Herbarium |consulté le=1 février 2021}}.&lt;/ref&gt;. Une revue associée à l'herbier, ''Farlowia'', est publiée de 1943 à 1955&lt;ref&gt;Farlowia : a journal of cryptogamic botany, {{lire en ligne|lien=https://www.worldcat.org/title/farlowia-a-journal-of-cryptogamic-botany/oclc/35587432?referer=di&amp;ht=edition}}.&lt;/ref&gt;.</div></td>
  <td class=""diff-marker""></td>
  <td class=""diff-context diff-side-added""><div>Son code dans l'{{lien|Index Herbariorum}} est « FH »&lt;ref&gt;{{Lien web |langue=en |url=http://sweetgum.nybg.org/science/ih/herbarium-details/?irn=124712 |titre=Harvard University |série=Index Herbariorum  |site=NYBG Steere Herbarium |consulté le=1 février 2021}}.&lt;/ref&gt;. Une revue associée à l'herbier, ''Farlowia'', est publiée de 1943 à 1955&lt;ref&gt;Farlowia : a journal of cryptogamic botany, {{lire en ligne|lien=https://www.worldcat.org/title/farlowia-a-journal-of-cryptogamic-botany/oclc/35587432?referer=di&amp;ht=edition}}.&lt;/ref&gt;.</div></td>
</tr>
",[' '],"['[[File:Farlow Herbarium Harvard University June 2023.png|thumb|Le bâtiment accueillant le Farlow Herbarium]]', '', 'L\'\'\'\'herbier Farlow de botanique cryptogamique\'\'\' est un herbier et une bibliothèque de l\'[[université Harvard]] qui détient environ {{nombre|1 400 000 spécimens}}, dont environ {{nombre|75 000 types}} de lichens, de champignons, de bryophytes, de diatomées et d\'algues<ref name=""HFH"">Farlow Herbarium, Harvard University, [http://huh.harvard.edu/pages/farlow-herbarium-fh Farlow Herbarium]</ref>. Sa création trouve son origine dans le legs par [[William Gilson Farlow]] en 1919 de son herbier personnel et de sa bibliothèque à l\'université. L\'herbier s\'est ensuite développé grâce aux legs de [[Roland Thaxter]] et aux spécimens, manuscrits, correspondance, illustrations et notes de terrain d\'autres chercheurs tels que {{lien|Edwin Bunting Bartram}}, [[Edward Angus Burt]], {{lien|William H. Weston Jr.}}, {{lien|David H. Linder}} et [[Ivan Mackenzie Lamb]], qui en fut le directeur de 1953 à 1972<ref>{{Article |langue=en |auteur1=George A. Llano |titre=I. Mackenzie Lamb, D.Sc. (Elke Mackenzie) (1911-1990) |périodique=The Bryologist |volume=94 |numéro=3 |date=1991 |pages=315-320 |lire en ligne=https://www.jstor.org/stable/3243974 |consulté le=26 janvier 2021}}.</ref>.']"
213901208,213901183,GF38storic,1747736,2024-04-02T13:02:40Z,2096,c14a5669fb8fe7efc3c62c7c7765d332d3b172c0,Merci d'éviter de falsifier l'histoire - Annulation de la [[Special:Diff/213898859|modification]] de [[Special:Contributions/Anne Daemon|Anne Daemon]] ([[User talk:Anne Daemon|d]]),"<tr>
  <td colspan=""2"" class=""diff-lineno"">Ligne 1 :</td>
  <td colspan=""2"" class=""diff-lineno"">Ligne 1 :</td>
</tr>
<tr>
  <td colspan=""2"" class=""diff-empty diff-side-deleted""></td>
  <td class=""diff-marker""><a class=""mw-diff-movedpara-right"" title=""Paragraphe déplacé. Cliquer pour accéder à l’ancien emplacement."" href=""#movedpara_2_1_lhs"">&#x26AB;</a></td>
  <td class=""diff-addedline diff-side-added""><div><a name=""movedpara_0_0_rhs""></a>L'<ins class=""diffchange diffchange-inline""> </ins>'''herbier Farlow de botanique cryptogamique''' est un herbier et une bibliothèque de l'[[université Harvard]] qui détient environ {{nombre|1 400 000 spécimens}}, dont environ {{nombre|75 000 types}} de lichens, de champignons, de bryophytes, de diatomées et d'algues&lt;ref name=""HFH""&gt;Farlow Herbarium, Harvard University, [http://huh.harvard.edu/pages/farlow-herbarium-fh Farlow Herbarium]&lt;/ref&gt;. Sa création trouve son origine dans le legs par [[William Gilson Farlow]] en 1919 de son herbier personnel et de sa bibliothèque à l'université. L'herbier s'est ensuite développé grâce aux legs de [[Roland Thaxter]] et aux spécimens, manuscrits, correspondance, illustrations et notes de terrain d'autres chercheurs tels que {{lien|Edwin Bunting Bartram}}, [[Edward Angus Burt]], {{lien|William H. Weston Jr.}}, {{lien|David H. Linder}} et [[Ivan Mackenzie Lamb]], qui en fut le directeur de 1953 à 1972&lt;ref&gt;{{Article |langue=en |auteur1=George A. Llano |titre=I. Mackenzie Lamb, D.Sc. (Elke Mackenzie) (1911-1990) |périodique=The Bryologist |volume=94 |numéro=3 |date=1991 |pages=315-320 |lire en ligne=https://www.jstor.org/stable/3243974 |consulté le=26 janvier 2021}}.&lt;/ref&gt;.</div></td>
</tr>
<tr>
  <td class=""diff-marker"" data-marker=""−""></td>
  <td class=""diff-deletedline diff-side-deleted""><div>[[File:Farlow Herbarium Harvard University June 2023.png|thumb|Le bâtiment accueillant le Farlow Herbarium]]</div></td>
  <td colspan=""2"" class=""diff-empty diff-side-added""></td>
</tr>
<tr>
  <td class=""diff-marker"" data-marker=""−""></td>
  <td class=""diff-deletedline diff-side-deleted""><br /></td>
  <td colspan=""2"" class=""diff-empty diff-side-added""></td>
</tr>
<tr>
  <td class=""diff-marker""><a class=""mw-diff-movedpara-left"" title=""Paragraphe déplacé. Cliquer pour accéder au nouvel emplacement."" href=""#movedpara_0_0_rhs"">&#x26AB;</a></td>
  <td class=""diff-deletedline diff-side-deleted""><div><a name=""movedpara_2_1_lhs""></a>L''''herbier Farlow de botanique cryptogamique''' est un herbier et une bibliothèque de l'[[université Harvard]] qui détient environ {{nombre|1 400 000 spécimens}}, dont environ {{nombre|75 000 types}} de lichens, de champignons, de bryophytes, de diatomées et d'algues&lt;ref name=""HFH""&gt;Farlow Herbarium, Harvard University, [http://huh.harvard.edu/pages/farlow-herbarium-fh Farlow Herbarium]&lt;/ref&gt;. Sa création trouve son origine dans le legs par [[William Gilson Farlow]] en 1919 de son herbier personnel et de sa bibliothèque à l'université. L'herbier s'est ensuite développé grâce aux legs de [[Roland Thaxter]] et aux spécimens, manuscrits, correspondance, illustrations et notes de terrain d'autres chercheurs tels que {{lien|Edwin Bunting Bartram}}, [[Edward Angus Burt]], {{lien|William H. Weston Jr.}}, {{lien|David H. Linder}} et [[Ivan Mackenzie Lamb]], qui en fut le directeur de 1953 à 1972&lt;ref&gt;{{Article |langue=en |auteur1=George A. Llano |titre=I. Mackenzie Lamb, D.Sc. (Elke Mackenzie) (1911-1990) |périodique=The Bryologist |volume=94 |numéro=3 |date=1991 |pages=315-320 |lire en ligne=https://www.jstor.org/stable/3243974 |consulté le=26 janvier 2021}}.&lt;/ref&gt;.</div></td>
  <td colspan=""2"" class=""diff-empty diff-side-added""></td>
</tr>
<tr>
  <td class=""diff-marker""></td>
  <td class=""diff-context diff-side-deleted""><br /></td>
  <td class=""diff-marker""></td>
  <td class=""diff-context diff-side-added""><br /></td>
</tr>
<tr>
  <td class=""diff-marker""></td>
  <td class=""diff-context diff-side-deleted""><div>Son code dans l'{{lien|Index Herbariorum}} est « FH »&lt;ref&gt;{{Lien web |langue=en |url=http://sweetgum.nybg.org/science/ih/herbarium-details/?irn=124712 |titre=Harvard University |série=Index Herbariorum  |site=NYBG Steere Herbarium |consulté le=1 février 2021}}.&lt;/ref&gt;. Une revue associée à l'herbier, ''Farlowia'', est publiée de 1943 à 1955&lt;ref&gt;Farlowia : a journal of cryptogamic botany, {{lire en ligne|lien=https://www.worldcat.org/title/farlowia-a-journal-of-cryptogamic-botany/oclc/35587432?referer=di&amp;ht=edition}}.&lt;/ref&gt;.</div></td>
  <td class=""diff-marker""></td>
  <td class=""diff-context diff-side-added""><div>Son code dans l'{{lien|Index Herbariorum}} est « FH »&lt;ref&gt;{{Lien web |langue=en |url=http://sweetgum.nybg.org/science/ih/herbarium-details/?irn=124712 |titre=Harvard University |série=Index Herbariorum  |site=NYBG Steere Herbarium |consulté le=1 février 2021}}.&lt;/ref&gt;. Une revue associée à l'herbier, ''Farlowia'', est publiée de 1943 à 1955&lt;ref&gt;Farlowia : a journal of cryptogamic botany, {{lire en ligne|lien=https://www.worldcat.org/title/farlowia-a-journal-of-cryptogamic-botany/oclc/35587432?referer=di&amp;ht=edition}}.&lt;/ref&gt;.</div></td>
</tr>
","['[[File:Farlow Herbarium Harvard University June 2023.png|thumb|Le bâtiment accueillant le Farlow Herbarium]]', '', 'L\'\'\'\'herbier Farlow de botanique cryptogamique\'\'\' est un herbier et une bibliothèque de l\'[[université Harvard]] qui détient environ {{nombre|1 400 000 spécimens}}, dont environ {{nombre|75 000 types}} de lichens, de champignons, de bryophytes, de diatomées et d\'algues<ref name=""HFH"">Farlow Herbarium, Harvard University, [http://huh.harvard.edu/pages/farlow-herbarium-fh Farlow Herbarium]</ref>. Sa création trouve son origine dans le legs par [[William Gilson Farlow]] en 1919 de son herbier personnel et de sa bibliothèque à l\'université. L\'herbier s\'est ensuite développé grâce aux legs de [[Roland Thaxter]] et aux spécimens, manuscrits, correspondance, illustrations et notes de terrain d\'autres chercheurs tels que {{lien|Edwin Bunting Bartram}}, [[Edward Angus Burt]], {{lien|William H. Weston Jr.}}, {{lien|David H. Linder}} et [[Ivan Mackenzie Lamb]], qui en fut le directeur de 1953 à 1972<ref>{{Article |langue=en |auteur1=George A. Llano |titre=I. Mackenzie Lamb, D.Sc. (Elke Mackenzie) (1911-1990) |périodique=The Bryologist |volume=94 |numéro=3 |date=1991 |pages=315-320 |lire en ligne=https://www.jstor.org/stable/3243974 |consulté le=26 janvier 2021}}.</ref>.']",[' ']
213901183,213898898,GF38storic,1747736,2024-04-02T13:01:18Z,2206,aa324da33cded1042c9603f6dfa30ba65bcb6ea5,Annulation de la [[Special:Diff/213898898|modification]] de [[Special:Contributions/Anne Daemon|Anne Daemon]] ([[User talk:Anne Daemon|d]]),"<tr>
  <td colspan=""2"" class=""diff-lineno"">Ligne 1 :</td>
  <td colspan=""2"" class=""diff-lineno"">Ligne 1 :</td>
</tr>
<tr>
  <td class=""diff-marker""></td>
  <td class=""diff-context diff-side-deleted""><div>[[File:Farlow Herbarium Harvard University June 2023.png|thumb|Le bâtiment accueillant le Farlow Herbarium]]</div></td>
  <td class=""diff-marker""></td>
  <td class=""diff-context diff-side-added""><div>[[File:Farlow Herbarium Harvard University June 2023.png|thumb|Le bâtiment accueillant le Farlow Herbarium]]</div></td>
</tr>
<tr>
  <td class=""diff-marker""></td>
  <td class=""diff-context diff-side-deleted""><br /></td>
  <td class=""diff-marker""></td>
  <td class=""diff-context diff-side-added""><br /></td>
</tr>
<tr>
  <td class=""diff-marker"" data-marker=""−""></td>
  <td class=""diff-deletedline diff-side-deleted""><div>L''''herbier Farlow de botanique cryptogamique''' est un herbier et une bibliothèque de l'[[université Harvard]] qui détient environ {{nombre|1 400 000 spécimens}}, dont environ {{nombre|75 000 types}} de lichens, de champignons, de bryophytes, de diatomées et d'algues&lt;ref name=""HFH""&gt;Farlow Herbarium, Harvard University, [http://huh.harvard.edu/pages/farlow-herbarium-fh Farlow Herbarium]&lt;/ref&gt;. Sa création trouve son origine dans le legs par [[William Gilson Farlow]] en 1919 de son herbier personnel et de sa bibliothèque à l'université. L'herbier s'est ensuite développé grâce aux legs de [[Roland Thaxter]] et aux spécimens, manuscrits, correspondance, illustrations et notes de terrain d'autres chercheurs tels que {{lien|Edwin Bunting Bartram}}, [[Edward Angus Burt]], {{lien|William H. Weston Jr.}}, {{lien|David H. Linder}} et <del class=""diffchange diffchange-inline"">Elke Mackenzie (connue alors sous le nom d'</del>[[Ivan Mackenzie Lamb]]<del class=""diffchange diffchange-inline"">)</del> qui <del class=""diffchange diffchange-inline"">l'a</del> <del class=""diffchange diffchange-inline"">dirigé</del> de 1953 à 1972&lt;ref&gt;{{Article |langue=en |auteur1=George A. Llano |titre=I. Mackenzie Lamb, D.Sc. (Elke Mackenzie) (1911-1990) |périodique=The Bryologist |volume=94 |numéro=3 |date=1991 |pages=315-320 |lire en ligne=https://www.jstor.org/stable/3243974 |consulté le=26 janvier 2021}}.&lt;/ref&gt;.</div></td>
  <td class=""diff-marker"" data-marker=""+""></td>
  <td class=""diff-addedline diff-side-added""><div>L''''herbier Farlow de botanique cryptogamique''' est un herbier et une bibliothèque de l'[[université Harvard]] qui détient environ {{nombre|1 400 000 spécimens}}, dont environ {{nombre|75 000 types}} de lichens, de champignons, de bryophytes, de diatomées et d'algues&lt;ref name=""HFH""&gt;Farlow Herbarium, Harvard University, [http://huh.harvard.edu/pages/farlow-herbarium-fh Farlow Herbarium]&lt;/ref&gt;. Sa création trouve son origine dans le legs par [[William Gilson Farlow]] en 1919 de son herbier personnel et de sa bibliothèque à l'université. L'herbier s'est ensuite développé grâce aux legs de [[Roland Thaxter]] et aux spécimens, manuscrits, correspondance, illustrations et notes de terrain d'autres chercheurs tels que {{lien|Edwin Bunting Bartram}}, [[Edward Angus Burt]], {{lien|William H. Weston Jr.}}, {{lien|David H. Linder}} et [[Ivan Mackenzie Lamb]]<ins class=""diffchange diffchange-inline"">,</ins> qui <ins class=""diffchange diffchange-inline"">en fut le</ins> <ins class=""diffchange diffchange-inline"">directeur</ins> de 1953 à 1972&lt;ref&gt;{{Article |langue=en |auteur1=George A. Llano |titre=I. Mackenzie Lamb, D.Sc. (Elke Mackenzie) (1911-1990) |périodique=The Bryologist |volume=94 |numéro=3 |date=1991 |pages=315-320 |lire en ligne=https://www.jstor.org/stable/3243974 |consulté le=26 janvier 2021}}.&lt;/ref&gt;.</div></td>
</tr>
<tr>
  <td class=""diff-marker""></td>
  <td class=""diff-context diff-side-deleted""><br /></td>
  <td class=""diff-marker""></td>
  <td class=""diff-context diff-side-added""><br /></td>
</tr>
<tr>
  <td class=""diff-marker"" data-marker=""−""></td>
  <td class=""diff-deletedline diff-side-deleted""><div>Son code dans l'{{lien|Index Herbariorum}} est «<del class=""diffchange diffchange-inline""> </del>FH<del class=""diffchange diffchange-inline""> </del>»&lt;ref&gt;{{Lien web |langue=en |url=http://sweetgum.nybg.org/science/ih/herbarium-details/?irn=124712 |titre=Harvard University |série=Index Herbariorum  |site=NYBG Steere Herbarium |consulté le=1 février 2021}}.&lt;/ref&gt;. Une revue associée à l'herbier, ''Farlowia'', est publiée de 1943 à 1955&lt;ref&gt;Farlowia : a journal of cryptogamic botany, {{lire en ligne|lien=https://www.worldcat.org/title/farlowia-a-journal-of-cryptogamic-botany/oclc/35587432?referer=di&amp;ht=edition}}.&lt;/ref&gt;.</div></td>
  <td class=""diff-marker"" data-marker=""+""></td>
  <td class=""diff-addedline diff-side-added""><div>Son code dans l'{{lien|Index Herbariorum}} est «<ins class=""diffchange diffchange-inline""> </ins>FH<ins class=""diffchange diffchange-inline""> </ins>»&lt;ref&gt;{{Lien web |langue=en |url=http://sweetgum.nybg.org/science/ih/herbarium-details/?irn=124712 |titre=Harvard University |série=Index Herbariorum  |site=NYBG Steere Herbarium |consulté le=1 février 2021}}.&lt;/ref&gt;. Une revue associée à l'herbier, ''Farlowia'', est publiée de 1943 à 1955&lt;ref&gt;Farlowia : a journal of cryptogamic botany, {{lire en ligne|lien=https://www.worldcat.org/title/farlowia-a-journal-of-cryptogamic-botany/oclc/35587432?referer=di&amp;ht=edition}}.&lt;/ref&gt;.</div></td>
</tr>
<tr>
  <td class=""diff-marker""></td>
  <td class=""diff-context diff-side-deleted""><br /></td>
  <td class=""diff-marker""></td>
  <td class=""diff-context diff-side-added""><br /></td>
</tr>
<tr>
  <td class=""diff-marker""></td>
  <td class=""diff-context diff-side-deleted""><div>== Références ==</div></td>
  <td class=""diff-marker""></td>
  <td class=""diff-context diff-side-added""><div>== Références ==</div></td>
</tr>
","[""Elke Mackenzie (connue alors sous le nom d'"", ')', ""l'a"", 'dirigé', '\xa0', '\xa0']","[',', 'en fut le', 'directeur', ' ', ' ']"
213898898,213898859,Anne Daemon,3147955,2024-04-02T11:26:46Z,2243,a9e4754eb20606dc78bd6478b2b269f04ebad811,,"<tr>
  <td colspan=""2"" class=""diff-lineno"">Ligne 1 :</td>
  <td colspan=""2"" class=""diff-lineno"">Ligne 1 :</td>
</tr>
<tr>
  <td class=""diff-marker""></td>
  <td class=""diff-context diff-side-deleted""><div>[[File:Farlow Herbarium Harvard University June 2023.png|thumb|Le bâtiment accueillant le Farlow Herbarium]]</div></td>
  <td class=""diff-marker""></td>
  <td class=""diff-context diff-side-added""><div>[[File:Farlow Herbarium Harvard University June 2023.png|thumb|Le bâtiment accueillant le Farlow Herbarium]]</div></td>
</tr>
<tr>
  <td class=""diff-marker""></td>
  <td class=""diff-context diff-side-deleted""><br /></td>
  <td class=""diff-marker""></td>
  <td class=""diff-context diff-side-added""><br /></td>
</tr>
<tr>
  <td class=""diff-marker"" data-marker=""−""></td>
  <td class=""diff-deletedline diff-side-deleted""><div>L''''herbier Farlow de botanique cryptogamique''' est un herbier et une bibliothèque de l'[[université Harvard]] qui détient environ {{nombre|1 400 000 spécimens}}, dont environ {{nombre|75 000 types}} de lichens, de champignons, de bryophytes, de diatomées et d'algues&lt;ref name=""HFH""&gt;Farlow Herbarium, Harvard University, [http://huh.harvard.edu/pages/farlow-herbarium-fh Farlow Herbarium]&lt;/ref&gt;. Sa création trouve son origine dans le legs par [[William Gilson Farlow]] en 1919 de son herbier personnel et de sa bibliothèque à l'université. L'herbier s'est ensuite développé grâce aux legs de [[Roland Thaxter]] et aux spécimens, manuscrits, correspondance, illustrations et notes de terrain d'autres chercheurs tels que {{lien|Edwin Bunting Bartram}}, [[Edward Angus Burt]], {{lien|William H. Weston Jr.}}, {{lien|David H. Linder}} et [[Ivan Mackenzie Lamb]]<del class=""diffchange diffchange-inline"">,</del> qui <del class=""diffchange diffchange-inline"">en fut le</del> <del class=""diffchange diffchange-inline"">directeur</del> de 1953 à 1972&lt;ref&gt;{{Article |langue=en |auteur1=George A. Llano |titre=I. Mackenzie Lamb, D.Sc. (Elke Mackenzie) (1911-1990) |périodique=The Bryologist |volume=94 |numéro=3 |date=1991 |pages=315-320 |lire en ligne=https://www.jstor.org/stable/3243974 |consulté le=26 janvier 2021}}.&lt;/ref&gt;.</div></td>
  <td class=""diff-marker"" data-marker=""+""></td>
  <td class=""diff-addedline diff-side-added""><div>L''''herbier Farlow de botanique cryptogamique''' est un herbier et une bibliothèque de l'[[université Harvard]] qui détient environ {{nombre|1 400 000 spécimens}}, dont environ {{nombre|75 000 types}} de lichens, de champignons, de bryophytes, de diatomées et d'algues&lt;ref name=""HFH""&gt;Farlow Herbarium, Harvard University, [http://huh.harvard.edu/pages/farlow-herbarium-fh Farlow Herbarium]&lt;/ref&gt;. Sa création trouve son origine dans le legs par [[William Gilson Farlow]] en 1919 de son herbier personnel et de sa bibliothèque à l'université. L'herbier s'est ensuite développé grâce aux legs de [[Roland Thaxter]] et aux spécimens, manuscrits, correspondance, illustrations et notes de terrain d'autres chercheurs tels que {{lien|Edwin Bunting Bartram}}, [[Edward Angus Burt]], {{lien|William H. Weston Jr.}}, {{lien|David H. Linder}} et <ins class=""diffchange diffchange-inline"">Elke Mackenzie (connue alors sous le nom d'</ins>[[Ivan Mackenzie Lamb]]<ins class=""diffchange diffchange-inline"">)</ins> qui <ins class=""diffchange diffchange-inline"">l'a</ins> <ins class=""diffchange diffchange-inline"">dirigé</ins> de 1953 à 1972&lt;ref&gt;{{Article |langue=en |auteur1=George A. Llano |titre=I. Mackenzie Lamb, D.Sc. (Elke Mackenzie) (1911-1990) |périodique=The Bryologist |volume=94 |numéro=3 |date=1991 |pages=315-320 |lire en ligne=https://www.jstor.org/stable/3243974 |consulté le=26 janvier 2021}}.&lt;/ref&gt;.</div></td>
</tr>
<tr>
  <td class=""diff-marker""></td>
  <td class=""diff-context diff-side-deleted""><br /></td>
  <td class=""diff-marker""></td>
  <td class=""diff-context diff-side-added""><br /></td>
</tr>
<tr>
  <td class=""diff-marker""></td>
  <td class=""diff-context diff-side-deleted""><div>Son code dans l'{{lien|Index Herbariorum}} est « FH »&lt;ref&gt;{{Lien web |langue=en |url=http://sweetgum.nybg.org/science/ih/herbarium-details/?irn=124712 |titre=Harvard University |série=Index Herbariorum  |site=NYBG Steere Herbarium |consulté le=1 février 2021}}.&lt;/ref&gt;. Une revue associée à l'herbier, ''Farlowia'', est publiée de 1943 à 1955&lt;ref&gt;Farlowia : a journal of cryptogamic botany, {{lire en ligne|lien=https://www.worldcat.org/title/farlowia-a-journal-of-cryptogamic-botany/oclc/35587432?referer=di&amp;ht=edition}}.&lt;/ref&gt;.</div></td>
  <td class=""diff-marker""></td>
  <td class=""diff-context diff-side-added""><div>Son code dans l'{{lien|Index Herbariorum}} est « FH »&lt;ref&gt;{{Lien web |langue=en |url=http://sweetgum.nybg.org/science/ih/herbarium-details/?irn=124712 |titre=Harvard University |série=Index Herbariorum  |site=NYBG Steere Herbarium |consulté le=1 février 2021}}.&lt;/ref&gt;. Une revue associée à l'herbier, ''Farlowia'', est publiée de 1943 à 1955&lt;ref&gt;Farlowia : a journal of cryptogamic botany, {{lire en ligne|lien=https://www.worldcat.org/title/farlowia-a-journal-of-cryptogamic-botany/oclc/35587432?referer=di&amp;ht=edition}}.&lt;/ref&gt;.</div></td>
</tr>
","[',', 'en fut le', 'directeur']","[""Elke Mackenzie (connue alors sous le nom d'"", ')', ""l'a"", 'dirigé']"
213898859,179581040,Anne Daemon,3147955,2024-04-02T11:25:00Z,2208,e0cab30b57097f11242d167a8646c76ffc3f9581,illustration,"<tr>
  <td colspan=""2"" class=""diff-lineno"">Ligne 1 :</td>
  <td colspan=""2"" class=""diff-lineno"">Ligne 1 :</td>
</tr>
<tr>
  <td colspan=""2"" class=""diff-empty diff-side-deleted""></td>
  <td class=""diff-marker"" data-marker=""+""></td>
  <td class=""diff-addedline diff-side-added""><div>[[File:Farlow Herbarium Harvard University June 2023.png|thumb|Le bâtiment accueillant le Farlow Herbarium]]</div></td>
</tr>
<tr>
  <td class=""diff-marker""><a class=""mw-diff-movedpara-left"" title=""Paragraphe déplacé. Cliquer pour accéder au nouvel emplacement."" href=""#movedpara_2_1_rhs"">&#x26AB;</a></td>
  <td class=""diff-deletedline diff-side-deleted""><div><a name=""movedpara_1_0_lhs""></a>L'<del class=""diffchange diffchange-inline""> </del>'''herbier Farlow de botanique cryptogamique''' est un herbier et une bibliothèque de l'[[université Harvard]] qui détient environ {{nombre|1 400 000 spécimens}}, dont environ {{nombre|75 000 types}} de lichens, de champignons, de bryophytes, de diatomées et d'algues&lt;ref name=""HFH""&gt;Farlow Herbarium, Harvard University, [http://huh.harvard.edu/pages/farlow-herbarium-fh Farlow Herbarium]&lt;/ref&gt;. Sa création trouve son origine dans le legs par [[William Gilson Farlow]] en 1919 de son herbier personnel et de sa bibliothèque à l'université. L'herbier s'est ensuite développé grâce aux legs de [[Roland Thaxter]] et aux spécimens, manuscrits, correspondance, illustrations et notes de terrain d'autres chercheurs tels que {{lien|Edwin Bunting Bartram}}, [[Edward Angus Burt]], {{lien|William H. Weston Jr.}}, {{lien|David H. Linder}} et [[Ivan Mackenzie Lamb]], qui en fut le directeur de 1953 à 1972&lt;ref&gt;{{Article |langue=en |auteur1=George A. Llano |titre=I. Mackenzie Lamb, D.Sc. (Elke Mackenzie) (1911-1990) |périodique=The Bryologist |volume=94 |numéro=3 |date=1991 |pages=315-320 |lire en ligne=https://www.jstor.org/stable/3243974 |consulté le=26 janvier 2021}}.&lt;/ref&gt;.</div></td>
  <td colspan=""2"" class=""diff-empty diff-side-added""></td>
</tr>
<tr>
  <td colspan=""2"" class=""diff-empty diff-side-deleted""></td>
  <td class=""diff-marker"" data-marker=""+""></td>
  <td class=""diff-addedline diff-side-added""><br /></td>
</tr>
<tr>
  <td colspan=""2"" class=""diff-empty diff-side-deleted""></td>
  <td class=""diff-marker""><a class=""mw-diff-movedpara-right"" title=""Paragraphe déplacé. Cliquer pour accéder à l’ancien emplacement."" href=""#movedpara_1_0_lhs"">&#x26AB;</a></td>
  <td class=""diff-addedline diff-side-added""><div><a name=""movedpara_2_1_rhs""></a>L''''herbier Farlow de botanique cryptogamique''' est un herbier et une bibliothèque de l'[[université Harvard]] qui détient environ {{nombre|1 400 000 spécimens}}, dont environ {{nombre|75 000 types}} de lichens, de champignons, de bryophytes, de diatomées et d'algues&lt;ref name=""HFH""&gt;Farlow Herbarium, Harvard University, [http://huh.harvard.edu/pages/farlow-herbarium-fh Farlow Herbarium]&lt;/ref&gt;. Sa création trouve son origine dans le legs par [[William Gilson Farlow]] en 1919 de son herbier personnel et de sa bibliothèque à l'université. L'herbier s'est ensuite développé grâce aux legs de [[Roland Thaxter]] et aux spécimens, manuscrits, correspondance, illustrations et notes de terrain d'autres chercheurs tels que {{lien|Edwin Bunting Bartram}}, [[Edward Angus Burt]], {{lien|William H. Weston Jr.}}, {{lien|David H. Linder}} et [[Ivan Mackenzie Lamb]], qui en fut le directeur de 1953 à 1972&lt;ref&gt;{{Article |langue=en |auteur1=George A. Llano |titre=I. Mackenzie Lamb, D.Sc. (Elke Mackenzie) (1911-1990) |périodique=The Bryologist |volume=94 |numéro=3 |date=1991 |pages=315-320 |lire en ligne=https://www.jstor.org/stable/3243974 |consulté le=26 janvier 2021}}.&lt;/ref&gt;.</div></td>
</tr>
<tr>
  <td class=""diff-marker""></td>
  <td class=""diff-context diff-side-deleted""><br /></td>
  <td class=""diff-marker""></td>
  <td class=""diff-context diff-side-added""><br /></td>
</tr>
<tr>
  <td class=""diff-marker""></td>
  <td class=""diff-context diff-side-deleted""><div>Son code dans l'{{lien|Index Herbariorum}} est « FH »&lt;ref&gt;{{Lien web |langue=en |url=http://sweetgum.nybg.org/science/ih/herbarium-details/?irn=124712 |titre=Harvard University |série=Index Herbariorum  |site=NYBG Steere Herbarium |consulté le=1 février 2021}}.&lt;/ref&gt;. Une revue associée à l'herbier, ''Farlowia'', est publiée de 1943 à 1955&lt;ref&gt;Farlowia : a journal of cryptogamic botany, {{lire en ligne|lien=https://www.worldcat.org/title/farlowia-a-journal-of-cryptogamic-botany/oclc/35587432?referer=di&amp;ht=edition}}.&lt;/ref&gt;.</div></td>
  <td class=""diff-marker""></td>
  <td class=""diff-context diff-side-added""><div>Son code dans l'{{lien|Index Herbariorum}} est « FH »&lt;ref&gt;{{Lien web |langue=en |url=http://sweetgum.nybg.org/science/ih/herbarium-details/?irn=124712 |titre=Harvard University |série=Index Herbariorum  |site=NYBG Steere Herbarium |consulté le=1 février 2021}}.&lt;/ref&gt;. Une revue associée à l'herbier, ''Farlowia'', est publiée de 1943 à 1955&lt;ref&gt;Farlowia : a journal of cryptogamic botany, {{lire en ligne|lien=https://www.worldcat.org/title/farlowia-a-journal-of-cryptogamic-botany/oclc/35587432?referer=di&amp;ht=edition}}.&lt;/ref&gt;.</div></td>
</tr>
",[' '],"['[[File:Farlow Herbarium Harvard University June 2023.png|thumb|Le bâtiment accueillant le Farlow Herbarium]]', '', 'L\'\'\'\'herbier Farlow de botanique cryptogamique\'\'\' est un herbier et une bibliothèque de l\'[[université Harvard]] qui détient environ {{nombre|1 400 000 spécimens}}, dont environ {{nombre|75 000 types}} de lichens, de champignons, de bryophytes, de diatomées et d\'algues<ref name=""HFH"">Farlow Herbarium, Harvard University, [http://huh.harvard.edu/pages/farlow-herbarium-fh Farlow Herbarium]</ref>. Sa création trouve son origine dans le legs par [[William Gilson Farlow]] en 1919 de son herbier personnel et de sa bibliothèque à l\'université. L\'herbier s\'est ensuite développé grâce aux legs de [[Roland Thaxter]] et aux spécimens, manuscrits, correspondance, illustrations et notes de terrain d\'autres chercheurs tels que {{lien|Edwin Bunting Bartram}}, [[Edward Angus Burt]], {{lien|William H. Weston Jr.}}, {{lien|David H. Linder}} et [[Ivan Mackenzie Lamb]], qui en fut le directeur de 1953 à 1972<ref>{{Article |langue=en |auteur1=George A. Llano |titre=I. Mackenzie Lamb, D.Sc. (Elke Mackenzie) (1911-1990) |périodique=The Bryologist |volume=94 |numéro=3 |date=1991 |pages=315-320 |lire en ligne=https://www.jstor.org/stable/3243974 |consulté le=26 janvier 2021}}.</ref>.']"
179581040,179487283,Cymbella,316223,2021-02-04T19:09:21Z,2098,1f7b7be75089d54160a9804e32cae6a77f8d8440,précision + ref,"<tr>
  <td colspan=""2"" class=""diff-lineno"">Ligne 1 :</td>
  <td colspan=""2"" class=""diff-lineno"">Ligne 1 :</td>
</tr>
<tr>
  <td class=""diff-marker"" data-marker=""−""></td>
  <td class=""diff-deletedline diff-side-deleted""><div>L' '''herbier Farlow de botanique cryptogamique''' est un herbier et une bibliothèque de l'[[université Harvard]] qui détient environ {{nombre|1 400 000 spécimens}}, dont environ {{nombre|75 000 types}} de lichens, de champignons, de bryophytes, de diatomées et d'algues&lt;ref name=""HFH""&gt;Farlow Herbarium, Harvard University, [http://huh.harvard.edu/pages/farlow-herbarium-fh Farlow Herbarium]&lt;/ref&gt;. Sa création trouve son origine dans le legs par [[William Gilson Farlow]] en 1919 de son herbier personnel et de sa bibliothèque à l'université. L'herbier s'est ensuite développé grâce aux legs de [[Roland Thaxter]] et aux spécimens, manuscrits, correspondance, illustrations et notes de terrain d'autres chercheurs tels que {{lien|Edwin Bunting Bartram}}, [[Edward Angus Burt]], {{lien|William H. Weston Jr.}}, {{lien|David H. Linder}} et [[Ivan Mackenzie Lamb]].</div></td>
  <td class=""diff-marker"" data-marker=""+""></td>
  <td class=""diff-addedline diff-side-added""><div>L' '''herbier Farlow de botanique cryptogamique''' est un herbier et une bibliothèque de l'[[université Harvard]] qui détient environ {{nombre|1 400 000 spécimens}}, dont environ {{nombre|75 000 types}} de lichens, de champignons, de bryophytes, de diatomées et d'algues&lt;ref name=""HFH""&gt;Farlow Herbarium, Harvard University, [http://huh.harvard.edu/pages/farlow-herbarium-fh Farlow Herbarium]&lt;/ref&gt;. Sa création trouve son origine dans le legs par [[William Gilson Farlow]] en 1919 de son herbier personnel et de sa bibliothèque à l'université. L'herbier s'est ensuite développé grâce aux legs de [[Roland Thaxter]] et aux spécimens, manuscrits, correspondance, illustrations et notes de terrain d'autres chercheurs tels que {{lien|Edwin Bunting Bartram}}, [[Edward Angus Burt]], {{lien|William H. Weston Jr.}}, {{lien|David H. Linder}} et [[Ivan Mackenzie Lamb]]<ins class=""diffchange diffchange-inline"">, qui en fut le directeur de 1953 à 1972&lt;ref&gt;{{Article |langue=en |auteur1=George A. Llano |titre=I. Mackenzie Lamb, D.Sc. (Elke Mackenzie) (1911-1990) |périodique=The Bryologist |volume=94 |numéro=3 |date=1991 |pages=315-320 |lire en ligne=https://www.jstor.org/stable/3243974 |consulté le=26 janvier 2021}}.&lt;/ref&gt;</ins>.</div></td>
</tr>
<tr>
  <td class=""diff-marker""></td>
  <td class=""diff-context diff-side-deleted""><br /></td>
  <td class=""diff-marker""></td>
  <td class=""diff-context diff-side-added""><br /></td>
</tr>
<tr>
  <td class=""diff-marker""></td>
  <td class=""diff-context diff-side-deleted""><div>Son code dans l'{{lien|Index Herbariorum}} est « FH »&lt;ref&gt;{{Lien web |langue=en |url=http://sweetgum.nybg.org/science/ih/herbarium-details/?irn=124712 |titre=Harvard University |série=Index Herbariorum  |site=NYBG Steere Herbarium |consulté le=1 février 2021}}.&lt;/ref&gt;. Une revue associée à l'herbier, ''Farlowia'', est publiée de 1943 à 1955&lt;ref&gt;Farlowia : a journal of cryptogamic botany, {{lire en ligne|lien=https://www.worldcat.org/title/farlowia-a-journal-of-cryptogamic-botany/oclc/35587432?referer=di&amp;ht=edition}}.&lt;/ref&gt;.</div></td>
  <td class=""diff-marker""></td>
  <td class=""diff-context diff-side-added""><div>Son code dans l'{{lien|Index Herbariorum}} est « FH »&lt;ref&gt;{{Lien web |langue=en |url=http://sweetgum.nybg.org/science/ih/herbarium-details/?irn=124712 |titre=Harvard University |série=Index Herbariorum  |site=NYBG Steere Herbarium |consulté le=1 février 2021}}.&lt;/ref&gt;. Une revue associée à l'herbier, ''Farlowia'', est publiée de 1943 à 1955&lt;ref&gt;Farlowia : a journal of cryptogamic botany, {{lire en ligne|lien=https://www.worldcat.org/title/farlowia-a-journal-of-cryptogamic-botany/oclc/35587432?referer=di&amp;ht=edition}}.&lt;/ref&gt;.</div></td>
</tr>
",[],"[', qui en fut le directeur de 1953 à 1972<ref>{{Article |langue=en |auteur1=George A. Llano |titre=I. Mackenzie Lamb, D.Sc. (Elke Mackenzie) (1911-1990) |périodique=The Bryologist |volume=94 |numéro=3 |date=1991 |pages=315-320 |lire en ligne=https://www.jstor.org/stable/3243974 |consulté le=26 janvier 2021}}.</ref>']"
179487283,179487266,Pierrette13,1220016,2021-02-02T06:47:54Z,1779,3fef5c756953389ccfacbd5fb9660c772814cfca,ital,"<tr>
  <td colspan=""2"" class=""diff-lineno"">Ligne 1 :</td>
  <td colspan=""2"" class=""diff-lineno"">Ligne 1 :</td>
</tr>
<tr>
  <td class=""diff-marker""></td>
  <td class=""diff-context diff-side-deleted""><div>L' '''herbier Farlow de botanique cryptogamique''' est un herbier et une bibliothèque de l'[[université Harvard]] qui détient environ {{nombre|1 400 000 spécimens}}, dont environ {{nombre|75 000 types}} de lichens, de champignons, de bryophytes, de diatomées et d'algues&lt;ref name=""HFH""&gt;Farlow Herbarium, Harvard University, [http://huh.harvard.edu/pages/farlow-herbarium-fh Farlow Herbarium]&lt;/ref&gt;. Sa création trouve son origine dans le legs par [[William Gilson Farlow]] en 1919 de son herbier personnel et de sa bibliothèque à l'université. L'herbier s'est ensuite développé grâce aux legs de [[Roland Thaxter]] et aux spécimens, manuscrits, correspondance, illustrations et notes de terrain d'autres chercheurs tels que {{lien|Edwin Bunting Bartram}}, [[Edward Angus Burt]], {{lien|William H. Weston Jr.}}, {{lien|David H. Linder}} et [[Ivan Mackenzie Lamb]].</div></td>
  <td class=""diff-marker""></td>
  <td class=""diff-context diff-side-added""><div>L' '''herbier Farlow de botanique cryptogamique''' est un herbier et une bibliothèque de l'[[université Harvard]] qui détient environ {{nombre|1 400 000 spécimens}}, dont environ {{nombre|75 000 types}} de lichens, de champignons, de bryophytes, de diatomées et d'algues&lt;ref name=""HFH""&gt;Farlow Herbarium, Harvard University, [http://huh.harvard.edu/pages/farlow-herbarium-fh Farlow Herbarium]&lt;/ref&gt;. Sa création trouve son origine dans le legs par [[William Gilson Farlow]] en 1919 de son herbier personnel et de sa bibliothèque à l'université. L'herbier s'est ensuite développé grâce aux legs de [[Roland Thaxter]] et aux spécimens, manuscrits, correspondance, illustrations et notes de terrain d'autres chercheurs tels que {{lien|Edwin Bunting Bartram}}, [[Edward Angus Burt]], {{lien|William H. Weston Jr.}}, {{lien|David H. Linder}} et [[Ivan Mackenzie Lamb]].</div></td>
</tr>
<tr>
  <td class=""diff-marker""></td>
  <td class=""diff-context diff-side-deleted""><br /></td>
  <td class=""diff-marker""></td>
  <td class=""diff-context diff-side-added""><br /></td>
</tr>
<tr>
  <td class=""diff-marker"" data-marker=""−""></td>
  <td class=""diff-deletedline diff-side-deleted""><div>Son code dans l'{{lien|Index Herbariorum}} est « FH »&lt;ref&gt;{{Lien web |langue=en |url=http://sweetgum.nybg.org/science/ih/herbarium-details/?irn=124712 |titre=Harvard University |série=Index Herbariorum  |site=NYBG Steere Herbarium |consulté le=1 février 2021}}.&lt;/ref&gt;. Une revue associée à l'herbier, Farlowia, est publiée de 1943 à 1955&lt;ref&gt;Farlowia : a journal of cryptogamic botany, {{lire en ligne|lien=https://www.worldcat.org/title/farlowia-a-journal-of-cryptogamic-botany/oclc/35587432?referer=di&amp;ht=edition}}.&lt;/ref&gt;.</div></td>
  <td class=""diff-marker"" data-marker=""+""></td>
  <td class=""diff-addedline diff-side-added""><div>Son code dans l'{{lien|Index Herbariorum}} est « FH »&lt;ref&gt;{{Lien web |langue=en |url=http://sweetgum.nybg.org/science/ih/herbarium-details/?irn=124712 |titre=Harvard University |série=Index Herbariorum  |site=NYBG Steere Herbarium |consulté le=1 février 2021}}.&lt;/ref&gt;. Une revue associée à l'herbier, <ins class=""diffchange diffchange-inline"">''</ins>Farlowia<ins class=""diffchange diffchange-inline"">''</ins>, est publiée de 1943 à 1955&lt;ref&gt;Farlowia : a journal of cryptogamic botany, {{lire en ligne|lien=https://www.worldcat.org/title/farlowia-a-journal-of-cryptogamic-botany/oclc/35587432?referer=di&amp;ht=edition}}.&lt;/ref&gt;.</div></td>
</tr>
<tr>
  <td class=""diff-marker""></td>
  <td class=""diff-context diff-side-deleted""><br /></td>
  <td class=""diff-marker""></td>
  <td class=""diff-context diff-side-added""><br /></td>
</tr>
<tr>
  <td class=""diff-marker""></td>
  <td class=""diff-context diff-side-deleted""><div>== Références ==</div></td>
  <td class=""diff-marker""></td>
  <td class=""diff-context diff-side-added""><div>== Références ==</div></td>
</tr>
",[],"[""''"", ""''""]"
179487266,179483470,Pierrette13,1220016,2021-02-02T06:46:03Z,1775,2adac84cef989cc7e05c3124a1c39746a22a05dd,,"<tr>
  <td colspan=""2"" class=""diff-lineno"">Ligne 1 :</td>
  <td colspan=""2"" class=""diff-lineno"">Ligne 1 :</td>
</tr>
<tr>
  <td class=""diff-marker""></td>
  <td class=""diff-context diff-side-deleted""><div>L' '''herbier Farlow de botanique cryptogamique''' est un herbier et une bibliothèque de l'[[université Harvard]] qui détient environ {{nombre|1 400 000 spécimens}}, dont environ {{nombre|75 000 types}} de lichens, de champignons, de bryophytes, de diatomées et d'algues&lt;ref name=""HFH""&gt;Farlow Herbarium, Harvard University, [http://huh.harvard.edu/pages/farlow-herbarium-fh Farlow Herbarium]&lt;/ref&gt;. Sa création trouve son origine dans le legs par [[William Gilson Farlow]] en 1919 de son herbier personnel et de sa bibliothèque à l'université. L'herbier s'est ensuite développé grâce aux legs de [[Roland Thaxter]] et aux spécimens, manuscrits, correspondance, illustrations et notes de terrain d'autres chercheurs tels que {{lien|Edwin Bunting Bartram}}, [[Edward Angus Burt]], {{lien|William H. Weston Jr.}}, {{lien|David H. Linder}} et [[Ivan Mackenzie Lamb]].</div></td>
  <td class=""diff-marker""></td>
  <td class=""diff-context diff-side-added""><div>L' '''herbier Farlow de botanique cryptogamique''' est un herbier et une bibliothèque de l'[[université Harvard]] qui détient environ {{nombre|1 400 000 spécimens}}, dont environ {{nombre|75 000 types}} de lichens, de champignons, de bryophytes, de diatomées et d'algues&lt;ref name=""HFH""&gt;Farlow Herbarium, Harvard University, [http://huh.harvard.edu/pages/farlow-herbarium-fh Farlow Herbarium]&lt;/ref&gt;. Sa création trouve son origine dans le legs par [[William Gilson Farlow]] en 1919 de son herbier personnel et de sa bibliothèque à l'université. L'herbier s'est ensuite développé grâce aux legs de [[Roland Thaxter]] et aux spécimens, manuscrits, correspondance, illustrations et notes de terrain d'autres chercheurs tels que {{lien|Edwin Bunting Bartram}}, [[Edward Angus Burt]], {{lien|William H. Weston Jr.}}, {{lien|David H. Linder}} et [[Ivan Mackenzie Lamb]].</div></td>
</tr>
<tr>
  <td class=""diff-marker""></td>
  <td class=""diff-context diff-side-deleted""><br /></td>
  <td class=""diff-marker""></td>
  <td class=""diff-context diff-side-added""><br /></td>
</tr>
<tr>
  <td class=""diff-marker"" data-marker=""−""></td>
  <td class=""diff-deletedline diff-side-deleted""><div>Son code dans l'{{lien|Index Herbariorum}} est « FH »&lt;ref&gt;{{Lien web |langue=en |url=http://sweetgum.nybg.org/science/ih/herbarium-details/?irn=124712 |titre=Harvard University |série=Index Herbariorum  |site=NYBG Steere Herbarium |consulté le=1 février 2021}}.&lt;/ref&gt;.</div></td>
  <td class=""diff-marker"" data-marker=""+""></td>
  <td class=""diff-addedline diff-side-added""><div>Son code dans l'{{lien|Index Herbariorum}} est « FH »&lt;ref&gt;{{Lien web |langue=en |url=http://sweetgum.nybg.org/science/ih/herbarium-details/?irn=124712 |titre=Harvard University |série=Index Herbariorum  |site=NYBG Steere Herbarium |consulté le=1 février 2021<ins class=""diffchange diffchange-inline"">}}.&lt;/ref&gt;. Une revue associée à l'herbier, Farlowia, est publiée de 1943 à 1955&lt;ref&gt;Farlowia : a journal of cryptogamic botany, {{lire en ligne|lien=https://www.worldcat.org/title/farlowia-a-journal-of-cryptogamic-botany/oclc/35587432?referer=di&amp;ht=edition</ins>}}.&lt;/ref&gt;.</div></td>
</tr>
<tr>
  <td class=""diff-marker""></td>
  <td class=""diff-context diff-side-deleted""><br /></td>
  <td class=""diff-marker""></td>
  <td class=""diff-context diff-side-added""><br /></td>
</tr>
<tr>
  <td class=""diff-marker""></td>
  <td class=""diff-context diff-side-deleted""><div>== Références ==</div></td>
  <td class=""diff-marker""></td>
  <td class=""diff-context diff-side-added""><div>== Références ==</div></td>
</tr>
<tr>
  <td colspan=""2"" class=""diff-lineno"">Ligne 12 :</td>
  <td colspan=""2"" class=""diff-lineno"">Ligne 12 :</td>
</tr>
<tr>
  <td class=""diff-marker""></td>
  <td class=""diff-context diff-side-deleted""><div>* {{Bases}}</div></td>
  <td class=""diff-marker""></td>
  <td class=""diff-context diff-side-added""><div>* {{Bases}}</div></td>
</tr>
<tr>
  <td class=""diff-marker""></td>
  <td class=""diff-context diff-side-deleted""><div>* {{Dictionnaires}}</div></td>
  <td class=""diff-marker""></td>
  <td class=""diff-context diff-side-added""><div>* {{Dictionnaires}}</div></td>
</tr>
<tr>
  <td colspan=""2"" class=""diff-empty diff-side-deleted""></td>
  <td class=""diff-marker"" data-marker=""+""></td>
  <td class=""diff-addedline diff-side-added""><br /></td>
</tr>
<tr>
  <td class=""diff-marker""></td>
  <td class=""diff-context diff-side-deleted""><div>{{portail|botanique|HZB|phycologie|mycologie}}</div></td>
  <td class=""diff-marker""></td>
  <td class=""diff-context diff-side-added""><div>{{portail|botanique|HZB|phycologie|mycologie}}</div></td>
</tr>
<tr>
  <td class=""diff-marker""></td>
  <td class=""diff-context diff-side-deleted""><div>[[Catégorie:Herbier]]</div></td>
  <td class=""diff-marker""></td>
  <td class=""diff-context diff-side-added""><div>[[Catégorie:Herbier]]</div></td>
</tr>
",[],"['', ""}}.</ref>. Une revue associée à l'herbier, Farlowia, est publiée de 1943 à 1955<ref>Farlowia : a journal of cryptogamic botany, {{lire en ligne|lien=https://www.worldcat.org/title/farlowia-a-journal-of-cryptogamic-botany/oclc/35587432?referer=di&ht=edition""]"
179483470,179476042,TED,44258,2021-02-02T01:08:38Z,1514,768c981dcbf4a2709e9bf0f5ff69ee7875379d0b,"Ajout rapide de {{portail}} : + phycologie , + mycologie","<tr>
  <td colspan=""2"" class=""diff-lineno"">Ligne 12 :</td>
  <td colspan=""2"" class=""diff-lineno"">Ligne 12 :</td>
</tr>
<tr>
  <td class=""diff-marker""></td>
  <td class=""diff-context diff-side-deleted""><div>* {{Bases}}</div></td>
  <td class=""diff-marker""></td>
  <td class=""diff-context diff-side-added""><div>* {{Bases}}</div></td>
</tr>
<tr>
  <td class=""diff-marker""></td>
  <td class=""diff-context diff-side-deleted""><div>* {{Dictionnaires}}</div></td>
  <td class=""diff-marker""></td>
  <td class=""diff-context diff-side-added""><div>* {{Dictionnaires}}</div></td>
</tr>
<tr>
  <td class=""diff-marker"" data-marker=""−""></td>
  <td class=""diff-deletedline diff-side-deleted""><div>{{portail|botanique|HZB}}</div></td>
  <td class=""diff-marker"" data-marker=""+""></td>
  <td class=""diff-addedline diff-side-added""><div>{{portail|botanique|HZB<ins class=""diffchange diffchange-inline"">|phycologie|mycologie</ins>}}</div></td>
</tr>
<tr>
  <td class=""diff-marker""></td>
  <td class=""diff-context diff-side-deleted""><div>[[Catégorie:Herbier]]</div></td>
  <td class=""diff-marker""></td>
  <td class=""diff-context diff-side-added""><div>[[Catégorie:Herbier]]</div></td>
</tr>
<tr>
  <td class=""diff-marker""></td>
  <td class=""diff-context diff-side-deleted""><div>[[Catégorie:Université Harvard]]</div></td>
  <td class=""diff-marker""></td>
  <td class=""diff-context diff-side-added""><div>[[Catégorie:Université Harvard]]</div></td>
</tr>
",[],['|phycologie|mycologie']
179476042,179474581,Cymbella,316223,2021-02-01T20:36:20Z,1493,ac710629870a8aa01e6cdd997102bfb7aba08996,+ ref index herbariorum,"<tr>
  <td colspan=""2"" class=""diff-lineno"">Ligne 1 :</td>
  <td colspan=""2"" class=""diff-lineno"">Ligne 1 :</td>
</tr>
<tr>
  <td class=""diff-marker"" data-marker=""−""></td>
  <td class=""diff-deletedline diff-side-deleted""><div>L' '''herbier Farlow de botanique cryptogamique''' est un herbier et une bibliothèque de l'[[université Harvard]] qui détient environ {{nombre|1 400 000 spécimens}}, dont environ {{nombre|75 000 types}} de lichens, de champignons, de bryophytes, de diatomées et d'algues&lt;ref name=""HFH""&gt;Farlow Herbarium, Harvard University, [http://huh.harvard.edu/pages/farlow-herbarium-fh Farlow Herbarium]&lt;/ref&gt;. Sa création trouve son origine dans le legs par [[William Gilson Farlow]] en 1919 de son herbier personnel et de sa bibliothèque à l'université. L'herbier s'est ensuite développé grâce aux legs de [[Roland Thaxter]] et aux spécimens, manuscrits, correspondance, illustrations et notes de terrain d'autres chercheurs tels que <del class=""diffchange diffchange-inline"">E.</del> <del class=""diffchange diffchange-inline"">B</del> Bartram, [[Edward Angus Burt]], <del class=""diffchange diffchange-inline"">W.</del> H Weston<del class=""diffchange diffchange-inline"">,</del> <del class=""diffchange diffchange-inline"">D</del>.H. Linder et [[Ivan Mackenzie Lamb]].</div></td>
  <td class=""diff-marker"" data-marker=""+""></td>
  <td class=""diff-addedline diff-side-added""><div>L' '''herbier Farlow de botanique cryptogamique''' est un herbier et une bibliothèque de l'[[université Harvard]] qui détient environ {{nombre|1 400 000 spécimens}}, dont environ {{nombre|75 000 types}} de lichens, de champignons, de bryophytes, de diatomées et d'algues&lt;ref name=""HFH""&gt;Farlow Herbarium, Harvard University, [http://huh.harvard.edu/pages/farlow-herbarium-fh Farlow Herbarium]&lt;/ref&gt;. Sa création trouve son origine dans le legs par [[William Gilson Farlow]] en 1919 de son herbier personnel et de sa bibliothèque à l'université. L'herbier s'est ensuite développé grâce aux legs de [[Roland Thaxter]] et aux spécimens, manuscrits, correspondance, illustrations et notes de terrain d'autres chercheurs tels que <ins class=""diffchange diffchange-inline"">{{lien|Edwin</ins> <ins class=""diffchange diffchange-inline"">Bunting</ins> Bartram<ins class=""diffchange diffchange-inline"">}}</ins>, [[Edward Angus Burt]], <ins class=""diffchange diffchange-inline"">{{lien|William</ins> H<ins class=""diffchange diffchange-inline"">.</ins> Weston <ins class=""diffchange diffchange-inline"">Jr</ins>.<ins class=""diffchange diffchange-inline"">}}, {{lien|David </ins>H. Linder<ins class=""diffchange diffchange-inline"">}}</ins> et [[Ivan Mackenzie Lamb]].</div></td>
</tr>
<tr>
  <td colspan=""2"" class=""diff-empty diff-side-deleted""></td>
  <td class=""diff-marker"" data-marker=""+""></td>
  <td class=""diff-addedline diff-side-added""><br /></td>
</tr>
<tr>
  <td colspan=""2"" class=""diff-empty diff-side-deleted""></td>
  <td class=""diff-marker"" data-marker=""+""></td>
  <td class=""diff-addedline diff-side-added""><div>Son code dans l'{{lien|Index Herbariorum}} est « FH »&lt;ref&gt;{{Lien web |langue=en |url=http://sweetgum.nybg.org/science/ih/herbarium-details/?irn=124712 |titre=Harvard University |série=Index Herbariorum  |site=NYBG Steere Herbarium |consulté le=1 février 2021}}.&lt;/ref&gt;.</div></td>
</tr>
<tr>
  <td class=""diff-marker""></td>
  <td class=""diff-context diff-side-deleted""><br /></td>
  <td class=""diff-marker""></td>
  <td class=""diff-context diff-side-added""><br /></td>
</tr>
<tr>
  <td class=""diff-marker""></td>
  <td class=""diff-context diff-side-deleted""><div>== Références ==</div></td>
  <td class=""diff-marker""></td>
  <td class=""diff-context diff-side-added""><div>== Références ==</div></td>
</tr>
","['E.', 'B', 'W.', ',', 'D']","['', ""Son code dans l'{{lien|Index Herbariorum}} est «\xa0FH\xa0»<ref>{{Lien web |langue=en |url=http://sweetgum.nybg.org/science/ih/herbarium-details/?irn=124712 |titre=Harvard University |série=Index Herbariorum  |site=NYBG Steere Herbarium |consulté le=1 février 2021}}.</ref>."", '{{lien|Edwin', 'Bunting', '}}', '{{lien|William', '.', 'Jr', '}}, {{lien|David ', '}}']"
179474581,179472085,Cymbella,316223,2021-02-01T20:01:11Z,1166,a6b924ac8ddba82ef3de594476327c0c4c1608ae,relecture,"<tr>
  <td colspan=""2"" class=""diff-lineno"">Ligne 1 :</td>
  <td colspan=""2"" class=""diff-lineno"">Ligne 1 :</td>
</tr>
<tr>
  <td class=""diff-marker"" data-marker=""−""></td>
  <td class=""diff-deletedline diff-side-deleted""><div>L' '''herbier Farlow de botanique cryptogamique''' est un herbier et une bibliothèque de l'[[université Harvard]] qui détient environ {{nombre|1 400 000 spécimens}}, dont environ {{nombre|75 000 types}} de lichens, de champignons, de bryophytes, de diatomées et d'algues&lt;ref name=""HFH""&gt;Farlow Herbarium, Harvard University, [http://huh.harvard.edu/pages/farlow-herbarium-fh Farlow Herbarium]&lt;/ref&gt;. Sa création <del class=""diffchange diffchange-inline"">s'</del>origine dans le legs par [[William Gilson Farlow]] en 1919 de son herbier personnel et de sa bibliothèque à l'université. L'herbier s'est ensuite développé grâce aux legs de [[Roland Thaxter]] et aux spécimens, manuscrits, correspondance, illustrations et notes de terrain d'autres chercheurs tels que E. B Bartram, [[Edward Angus Burt]], W. H Weston, D.H Linder et [[Ivan Mackenzie Lamb]].</div></td>
  <td class=""diff-marker"" data-marker=""+""></td>
  <td class=""diff-addedline diff-side-added""><div>L' '''herbier Farlow de botanique cryptogamique''' est un herbier et une bibliothèque de l'[[université Harvard]] qui détient environ {{nombre|1 400 000 spécimens}}, dont environ {{nombre|75 000 types}} de lichens, de champignons, de bryophytes, de diatomées et d'algues&lt;ref name=""HFH""&gt;Farlow Herbarium, Harvard University, [http://huh.harvard.edu/pages/farlow-herbarium-fh Farlow Herbarium]&lt;/ref&gt;. Sa création <ins class=""diffchange diffchange-inline"">trouve son </ins>origine dans le legs par [[William Gilson Farlow]] en 1919 de son herbier personnel et de sa bibliothèque à l'université. L'herbier s'est ensuite développé grâce aux legs de [[Roland Thaxter]] et aux spécimens, manuscrits, correspondance, illustrations et notes de terrain d'autres chercheurs tels que E. B Bartram, [[Edward Angus Burt]], W. H Weston, D.H<ins class=""diffchange diffchange-inline"">.</ins> Linder et [[Ivan Mackenzie Lamb]].</div></td>
</tr>
<tr>
  <td class=""diff-marker""></td>
  <td class=""diff-context diff-side-deleted""><br /></td>
  <td class=""diff-marker""></td>
  <td class=""diff-context diff-side-added""><br /></td>
</tr>
<tr>
  <td class=""diff-marker""></td>
  <td class=""diff-context diff-side-deleted""><div>== Références ==</div></td>
  <td class=""diff-marker""></td>
  <td class=""diff-context diff-side-added""><div>== Références ==</div></td>
</tr>
","[""s'""]","['trouve son ', '.']"
179472085,179472039,Pierrette13,1220016,2021-02-01T19:02:34Z,1156,577d5d8f212a0dcc67a6cb9dc1651b61bcfbe1c8,,"<tr>
  <td colspan=""2"" class=""diff-lineno"">Ligne 1 :</td>
  <td colspan=""2"" class=""diff-lineno"">Ligne 1 :</td>
</tr>
<tr>
  <td class=""diff-marker"" data-marker=""−""></td>
  <td class=""diff-deletedline diff-side-deleted""><div>L' '''herbier Farlow de botanique cryptogamique''' est un herbier et une bibliothèque de [[<del class=""diffchange diffchange-inline"">Université Harvard|l'Université de</del> Harvard]] qui détient environ 1 400 000 spécimens, dont environ 75 000 types de lichens, de champignons, de bryophytes, de diatomées et d'algues&lt;ref name=""HFH""&gt;Farlow Herbarium, Harvard University, [http://huh.harvard.edu/pages/farlow-herbarium-fh Farlow Herbarium]&lt;/ref&gt;. Sa création s'origine dans le legs par [[William Gilson Farlow<del class=""diffchange diffchange-inline"">|William Gilson Farlow en</del>]] 1919 de son herbier personnel et de sa bibliothèque à <del class=""diffchange diffchange-inline"">Harvard</del>. <del class=""diffchange diffchange-inline"">Il</del> s'est ensuite développé grâce aux legs de [[Roland Thaxter]] et aux spécimens, manuscrits, correspondance, illustrations et notes de terrain d'autres chercheurs tels que E. B Bartram, [[Edward Angus<del class=""diffchange diffchange-inline""> Burt|E. A</del> Burt]], W. H Weston, D.H Linder et [[Ivan Mackenzie<del class=""diffchange diffchange-inline""> Lamb|I. M</del> Lamb]].</div></td>
  <td class=""diff-marker"" data-marker=""+""></td>
  <td class=""diff-addedline diff-side-added""><div>L' '''herbier Farlow de botanique cryptogamique''' est un herbier et une bibliothèque de <ins class=""diffchange diffchange-inline"">l'</ins>[[<ins class=""diffchange diffchange-inline"">université</ins> Harvard]] qui détient environ <ins class=""diffchange diffchange-inline"">{{nombre|</ins>1 400 000 spécimens<ins class=""diffchange diffchange-inline"">}}</ins>, dont environ <ins class=""diffchange diffchange-inline"">{{nombre|</ins>75 000 types<ins class=""diffchange diffchange-inline"">}}</ins> de lichens, de champignons, de bryophytes, de diatomées et d'algues&lt;ref name=""HFH""&gt;Farlow Herbarium, Harvard University, [http://huh.harvard.edu/pages/farlow-herbarium-fh Farlow Herbarium]&lt;/ref&gt;. Sa création s'origine dans le legs par [[William Gilson Farlow]]<ins class=""diffchange diffchange-inline""> en</ins> 1919 de son herbier personnel et de sa bibliothèque à <ins class=""diffchange diffchange-inline"">l'université</ins>. <ins class=""diffchange diffchange-inline"">L'herbier</ins> s'est ensuite développé grâce aux legs de [[Roland Thaxter]] et aux spécimens, manuscrits, correspondance, illustrations et notes de terrain d'autres chercheurs tels que E. B Bartram, [[Edward Angus Burt]], W. H Weston, D.H Linder et [[Ivan Mackenzie Lamb]].</div></td>
</tr>
<tr>
  <td class=""diff-marker""></td>
  <td class=""diff-context diff-side-deleted""><br /></td>
  <td class=""diff-marker""></td>
  <td class=""diff-context diff-side-added""><br /></td>
</tr>
<tr>
  <td class=""diff-marker""></td>
  <td class=""diff-context diff-side-deleted""><div>== Références ==</div></td>
  <td class=""diff-marker""></td>
  <td class=""diff-context diff-side-added""><div>== Références ==</div></td>
</tr>
","[""Université Harvard|l'Université de"", '|William Gilson Farlow en', 'Harvard', 'Il', ' Burt|E. A', ' Lamb|I. M']","[""l'"", 'université', '{{nombre|', '}}', '{{nombre|', '}}', ' en', ""l'université"", ""L'herbier""]"
179472039,179471990,Pierrette13,1220016,2021-02-01T19:01:09Z,1186,ba19c0335d28c65443fab7017cb04d740ae75d65,/* Références */,"<tr>
  <td colspan=""2"" class=""diff-lineno"">Ligne 2 :</td>
  <td colspan=""2"" class=""diff-lineno"">Ligne 2 :</td>
</tr>
<tr>
  <td class=""diff-marker""></td>
  <td class=""diff-context diff-side-deleted""><br /></td>
  <td class=""diff-marker""></td>
  <td class=""diff-context diff-side-added""><br /></td>
</tr>
<tr>
  <td class=""diff-marker""></td>
  <td class=""diff-context diff-side-deleted""><div>== Références ==</div></td>
  <td class=""diff-marker""></td>
  <td class=""diff-context diff-side-added""><div>== Références ==</div></td>
</tr>
<tr>
  <td colspan=""2"" class=""diff-empty diff-side-deleted""></td>
  <td class=""diff-marker"" data-marker=""+""></td>
  <td class=""diff-addedline diff-side-added""><div>{{Traduction/Référence|en|Farlow Herbarium of Cryptogamic Botany|966437294}} </div></td>
</tr>
<tr>
  <td class=""diff-marker""></td>
  <td class=""diff-context diff-side-deleted""><div>{{Références}}</div></td>
  <td class=""diff-marker""></td>
  <td class=""diff-context diff-side-added""><div>{{Références}}</div></td>
</tr>
<tr>
  <td class=""diff-marker""></td>
  <td class=""diff-context diff-side-deleted""><br /></td>
  <td class=""diff-marker""></td>
  <td class=""diff-context diff-side-added""><br /></td>
</tr>
",[],['{{Traduction/Référence|en|Farlow Herbarium of Cryptogamic Botany|966437294}} ']
179471990,179471932,Pierrette13,1220016,2021-02-01T18:59:56Z,1106,51f9a361f363b417d070131c02af0197b2ffbc4b,+ autori,"<tr>
  <td colspan=""2"" class=""diff-lineno"">Ligne 3 :</td>
  <td colspan=""2"" class=""diff-lineno"">Ligne 3 :</td>
</tr>
<tr>
  <td class=""diff-marker""></td>
  <td class=""diff-context diff-side-deleted""><div>== Références ==</div></td>
  <td class=""diff-marker""></td>
  <td class=""diff-context diff-side-added""><div>== Références ==</div></td>
</tr>
<tr>
  <td class=""diff-marker""></td>
  <td class=""diff-context diff-side-deleted""><div>{{Références}}</div></td>
  <td class=""diff-marker""></td>
  <td class=""diff-context diff-side-added""><div>{{Références}}</div></td>
</tr>
<tr>
  <td colspan=""2"" class=""diff-empty diff-side-deleted""></td>
  <td class=""diff-marker"" data-marker=""+""></td>
  <td class=""diff-addedline diff-side-added""><br /></td>
</tr>
<tr>
  <td colspan=""2"" class=""diff-empty diff-side-deleted""></td>
  <td class=""diff-marker"" data-marker=""+""></td>
  <td class=""diff-addedline diff-side-added""><div>== Liens externes ==</div></td>
</tr>
<tr>
  <td colspan=""2"" class=""diff-empty diff-side-deleted""></td>
  <td class=""diff-marker"" data-marker=""+""></td>
  <td class=""diff-addedline diff-side-added""><div>* {{site officiel|http://huh.harvard.edu/pages/farlow-herbarium-fh}}</div></td>
</tr>
<tr>
  <td colspan=""2"" class=""diff-empty diff-side-deleted""></td>
  <td class=""diff-marker"" data-marker=""+""></td>
  <td class=""diff-addedline diff-side-added""><div>* {{Autorité}}</div></td>
</tr>
<tr>
  <td colspan=""2"" class=""diff-empty diff-side-deleted""></td>
  <td class=""diff-marker"" data-marker=""+""></td>
  <td class=""diff-addedline diff-side-added""><div>* {{Bases}}</div></td>
</tr>
<tr>
  <td colspan=""2"" class=""diff-empty diff-side-deleted""></td>
  <td class=""diff-marker"" data-marker=""+""></td>
  <td class=""diff-addedline diff-side-added""><div>* {{Dictionnaires}}</div></td>
</tr>
<tr>
  <td class=""diff-marker""></td>
  <td class=""diff-context diff-side-deleted""><div>{{portail|botanique|HZB}}</div></td>
  <td class=""diff-marker""></td>
  <td class=""diff-context diff-side-added""><div>{{portail|botanique|HZB}}</div></td>
</tr>
<tr>
  <td class=""diff-marker""></td>
  <td class=""diff-context diff-side-deleted""><div>[[Catégorie:Herbier]]</div></td>
  <td class=""diff-marker""></td>
  <td class=""diff-context diff-side-added""><div>[[Catégorie:Herbier]]</div></td>
</tr>
",[],"['', '== Liens externes ==', '* {{site officiel|http://huh.harvard.edu/pages/farlow-herbarium-fh}}', '* {{Autorité}}', '* {{Bases}}', '* {{Dictionnaires}}']"
179471932,179471806,Pierrette13,1220016,2021-02-01T18:58:24Z,967,874502851189da0d4ac947120786fef13fb79345,,"<tr>
  <td colspan=""2"" class=""diff-lineno"">Ligne 3 :</td>
  <td colspan=""2"" class=""diff-lineno"">Ligne 3 :</td>
</tr>
<tr>
  <td class=""diff-marker""></td>
  <td class=""diff-context diff-side-deleted""><div>== Références ==</div></td>
  <td class=""diff-marker""></td>
  <td class=""diff-context diff-side-added""><div>== Références ==</div></td>
</tr>
<tr>
  <td class=""diff-marker""></td>
  <td class=""diff-context diff-side-deleted""><div>{{Références}}</div></td>
  <td class=""diff-marker""></td>
  <td class=""diff-context diff-side-added""><div>{{Références}}</div></td>
</tr>
<tr>
  <td colspan=""2"" class=""diff-empty diff-side-deleted""></td>
  <td class=""diff-marker"" data-marker=""+""></td>
  <td class=""diff-addedline diff-side-added""><div>{{portail|botanique|HZB}}</div></td>
</tr>
<tr>
  <td colspan=""2"" class=""diff-empty diff-side-deleted""></td>
  <td class=""diff-marker"" data-marker=""+""></td>
  <td class=""diff-addedline diff-side-added""><div>[[Catégorie:Herbier]]</div></td>
</tr>
<tr>
  <td class=""diff-marker""></td>
  <td class=""diff-context diff-side-deleted""><div>[[Catégorie:Université Harvard]]</div></td>
  <td class=""diff-marker""></td>
  <td class=""diff-context diff-side-added""><div>[[Catégorie:Université Harvard]]</div></td>
</tr>
",[],"['{{portail|botanique|HZB}}', '[[Catégorie:Herbier]]']"
179471806,0,Pierrette13,1220016,2021-02-01T18:55:31Z,918,69f464a96958a4dda99e9455d7c36332bca70905,Créé en traduisant la page « [[:en:Special:Redirect/revision/966437294|Farlow Herbarium of Cryptogamic Botany]] »,,[],[]
